dataset,feature_mode,method,detection_type,k,alarm_precision,event_recall,alarm_event_f1,precision,recall,f1,true_positive_alarms,false_positives,false_alarm_rate_per_hour,detection_delay_seconds_mean,detection_delay_seconds_median,runtime_seconds,number_of_alarms,event_level_detection_count,event_count
bgpclear_apptraffic_2hourRun,CompleteFeatures,DBSCAN,spatial,1,0.15849486887115166,0.9166666666666666,0.2702607158638975,0.15849486887115166,0.9166666666666666,0.2702607158638975,278,1476,657.0545319648819,10.454545454545455,10.0,1.947215000167489,1754,11,12
bgpclear_apptraffic_2hourRun,CompleteFeatures,DBSCAN,spatial,2,0.20202020202020202,0.9166666666666666,0.33107599699021817,0.20202020202020202,0.9166666666666666,0.33107599699021817,180,711,316.50797576357115,14.181818181818182,14.0,1.947215000167489,891,11,12
bgpclear_apptraffic_2hourRun,CompleteFeatures,DBSCAN,spatial,3,0.30809399477806787,0.9166666666666666,0.4611831586427429,0.30809399477806787,0.9166666666666666,0.4611831586427429,118,265,117.96710770372204,18.727272727272727,17.0,1.947215000167489,383,11,12
bgpclear_apptraffic_2hourRun,CompleteFeatures,DBSCAN,spatial,4,0.4107142857142857,0.8333333333333334,0.5502392344497608,0.4107142857142857,0.8333333333333334,0.5502392344497608,46,66,29.380487201681714,46.2,26.0,1.947215000167489,112,10,12
bgpclear_apptraffic_2hourRun,CompleteFeatures,DBSCAN,spatial,5,0.48,0.4166666666666667,0.44609665427509293,0.48,0.4166666666666667,0.44609665427509293,12,13,5.787065660937307,50.8,45.0,1.947215000167489,25,5,12
bgpclear_apptraffic_2hourRun,CompleteFeatures,DBSCAN,temporal,1,0.06735751295336788,0.9166666666666666,0.1254936375603335,0.06735751295336788,0.9166666666666666,0.1254936375603335,13,180,80.12860145913194,9.909090909090908,10.0,1.947215000167489,193,11,12
bgpclear_apptraffic_2hourRun,CompleteFeatures,DBSCAN,temporal,2,0.0851063829787234,0.9166666666666666,0.15575221238938053,0.0851063829787234,0.9166666666666666,0.15575221238938053,12,129,57.42549771237789,15.272727272727273,15.0,1.947215000167489,141,11,12
bgpclear_apptraffic_2hourRun,CompleteFeatures,DBSCAN,temporal,3,0.09022556390977443,0.9166666666666666,0.16428126944617297,0.09022556390977443,0.9166666666666666,0.16428126944617297,12,121,53.864226536416474,20.727272727272727,21.0,1.947215000167489,133,11,12
bgpclear_apptraffic_2hourRun,CompleteFeatures,DBSCAN,temporal,4,0.096,0.9166666666666666,0.173798551678736,0.096,0.9166666666666666,0.173798551678736,12,113,50.30295536045505,26.09090909090909,26.0,1.947215000167489,125,11,12
bgpclear_apptraffic_2hourRun,CompleteFeatures,DBSCAN,temporal,5,0.09243697478991597,0.9166666666666666,0.16793893129770993,0.09243697478991597,0.9166666666666666,0.16793893129770993,11,108,48.077160875479166,31.545454545454547,31.0,1.947215000167489,119,11,12
bgpclear_apptraffic_2hourRun,CompleteFeatures,DenStream,spatial,1,0.06724422442244224,0.9166666666666666,0.12529699510831585,0.06724422442244224,0.9166666666666666,0.12529699510831585,326,4522,2013.0085322121924,8.090909090909092,8.0,2.3963410001597367,4848,11,12
bgpclear_apptraffic_2hourRun,CompleteFeatures,DenStream,spatial,2,0.12399598393574297,0.9166666666666666,0.21844347965910915,0.12399598393574297,0.9166666666666666,0.21844347965910915,247,1745,776.8022752565847,9.363636363636363,10.0,2.3963410001597367,1992,11,12
bgpclear_apptraffic_2hourRun,CompleteFeatures,DenStream,spatial,3,0.2248062015503876,0.9166666666666666,0.3610639501980758,0.2248062015503876,0.9166666666666666,0.3610639501980758,145,500,222.57944849758874,13.818181818181818,14.0,2.3963410001597367,645,11,12
bgpclear_apptraffic_2hourRun,CompleteFeatures,DenStream,spatial,4,0.35294117647058826,0.8333333333333334,0.49586776859504134,0.35294117647058826,0.8333333333333334,0.49586776859504134,60,110,48.96747866946952,31.1,18.0,2.3963410001597367,170,10,12
bgpclear_apptraffic_2hourRun,CompleteFeatures,DenStream,spatial,5,0.4838709677419355,0.4166666666666667,0.44776119402985076,0.4838709677419355,0.4166666666666667,0.44776119402985076,15,16,7.1225423519228395,50.8,45.0,2.3963410001597367,31,5,12
bgpclear_apptraffic_2hourRun,CompleteFeatures,DenStream,temporal,1,0.02607561929595828,0.9166666666666666,0.05070877031231993,0.02607561929595828,0.9166666666666666,0.05070877031231993,40,1494,665.0673921107951,25.181818181818183,8.0,2.3963410001597367,1534,11,12
bgpclear_apptraffic_2hourRun,CompleteFeatures,DenStream,temporal,2,0.028478437754271765,0.9166666666666666,0.05524069158476218,0.028478437754271765,0.9166666666666666,0.05524069158476218,35,1194,531.5197230122419,31.727272727272727,14.0,2.3963410001597367,1229,11,12
bgpclear_apptraffic_2hourRun,CompleteFeatures,DenStream,temporal,3,0.03935599284436494,0.9166666666666666,0.07547169811320756,0.03935599284436494,0.9166666666666666,0.07547169811320756,22,537,239.0503276864103,36.90909090909091,20.0,2.3963410001597367,559,11,12
bgpclear_apptraffic_2hourRun,CompleteFeatures,DenStream,temporal,4,0.036057692307692304,0.9166666666666666,0.06938603868797308,0.036057692307692304,0.9166666666666666,0.06938603868797308,15,401,178.50871769506617,42.45454545454545,25.0,2.3963410001597367,416,11,12
bgpclear_apptraffic_2hourRun,CompleteFeatures,DenStream,temporal,5,0.046052631578947366,0.9166666666666666,0.0876993166287016,0.046052631578947366,0.9166666666666666,0.0876993166287016,14,290,129.09608012860147,47.90909090909091,29.0,2.3963410001597367,304,11,12
bgpclear_apptraffic_2hourRun,CompleteFeatures,MiniBatchKMeans,spatial,1,0.05281941470378301,0.9166666666666666,0.09988342843119209,0.05281941470378301,0.9166666666666666,0.09988342843119209,370,6635,2953.6292815630027,9.818181818181818,4.0,6.942902999988291,7005,11,12
bgpclear_apptraffic_2hourRun,CompleteFeatures,MiniBatchKMeans,spatial,2,0.07511540075535039,0.9166666666666666,0.13885264976552308,0.07511540075535039,0.9166666666666666,0.13885264976552308,358,4408,1962.2604179547423,17.545454545454547,7.0,6.942902999988291,4766,11,12
bgpclear_apptraffic_2hourRun,CompleteFeatures,MiniBatchKMeans,spatial,3,0.11818181818181818,0.9166666666666666,0.20937042459736455,0.11818181818181818,0.9166666666666666,0.20937042459736455,286,2134,949.9690861877087,8.363636363636363,9.0,6.942902999988291,2420,11,12
bgpclear_apptraffic_2hourRun,CompleteFeatures,MiniBatchKMeans,spatial,4,0.18089430894308944,0.9166666666666666,0.3021604938271605,0.18089430894308944,0.9166666666666666,0.3021604938271605,178,806,358.79807097811306,18.636363636363637,14.0,6.942902999988291,984,11,12
bgpclear_apptraffic_2hourRun,CompleteFeatures,MiniBatchKMeans,spatial,5,0.19455252918287938,0.5833333333333334,0.2917882451021259,0.19455252918287938,0.5833333333333334,0.2917882451021259,50,207,92.14789167800174,89.71428571428571,67.0,6.942902999988291,257,7,12
bgpclear_apptraffic_2hourRun,CompleteFeatures,MiniBatchKMeans,temporal,1,0.0,0.0,0.0,0.0,0.0,0.0,0,12,5.34190676394213,,,6.942902999988291,12,0,12
bgpclear_apptraffic_2hourRun,CompleteFeatures,MiniBatchKMeans,temporal,2,0.0,0.0,0.0,0.0,0.0,0.0,0,11,4.896747866946952,,,6.942902999988291,11,0,12
bgpclear_apptraffic_2hourRun,CompleteFeatures,MiniBatchKMeans,temporal,3,0.0,0.0,0.0,0.0,0.0,0.0,0,11,4.896747866946952,,,6.942902999988291,11,0,12
bgpclear_apptraffic_2hourRun,CompleteFeatures,MiniBatchKMeans,temporal,4,0.0,0.0,0.0,0.0,0.0,0.0,0,11,4.896747866946952,,,6.942902999988291,11,0,12
bgpclear_apptraffic_2hourRun,CompleteFeatures,MiniBatchKMeans,temporal,5,0.0,0.0,0.0,0.0,0.0,0.0,0,11,4.896747866946952,,,6.942902999988291,11,0,12
bgpclear_apptraffic_2hourRun,ControlPlane,DenStream,spatial,1,0.5132743362831859,0.9166666666666666,0.6580711707065497,0.5132743362831859,0.9166666666666666,0.6580711707065497,116,110,48.96747866946952,9.909090909090908,10.0,0.776478500047233,226,11,12
bgpclear_apptraffic_2hourRun,ControlPlane,DenStream,spatial,2,0.41818181818181815,0.9166666666666666,0.5743473325766175,0.41818181818181815,0.9166666666666666,0.5743473325766175,23,32,14.245084703845679,19.727272727272727,18.0,0.776478500047233,55,11,12
bgpclear_apptraffic_2hourRun,ControlPlane,DenStream,spatial,3,0.5714285714285714,0.5,0.5333333333333333,0.5714285714285714,0.5,0.5333333333333333,8,6,2.670953381971065,21.166666666666668,20.5,0.776478500047233,14,6,12
bgpclear_apptraffic_2hourRun,ControlPlane,DenStream,spatial,4,1.0,0.16666666666666666,0.2857142857142857,1.0,0.16666666666666666,0.2857142857142857,2,0,0.0,18.0,18.0,0.776478500047233,2,2,12
bgpclear_apptraffic_2hourRun,ControlPlane,DenStream,spatial,5,0.0,0.0,0.0,0.0,0.0,0.0,0,0,0.0,,,0.776478500047233,0,0,12
bgpclear_apptraffic_2hourRun,ControlPlane,DenStream,temporal,1,0.2734375,0.9166666666666666,0.42122538293216627,0.2734375,0.9166666666666666,0.42122538293216627,35,93,41.3997774205515,9.909090909090908,10.0,0.776478500047233,128,11,12
bgpclear_apptraffic_2hourRun,ControlPlane,DenStream,temporal,2,0.2845528455284553,0.9166666666666666,0.43429216018048505,0.2845528455284553,0.9166666666666666,0.43429216018048505,35,88,39.173982935575616,15.272727272727273,15.0,0.776478500047233,123,11,12
bgpclear_apptraffic_2hourRun,ControlPlane,DenStream,temporal,3,1.0,0.8333333333333334,0.9090909090909091,1.0,0.8333333333333334,0.9090909090909091,18,0,0.0,27.3,22.5,0.776478500047233,18,10,12
bgpclear_apptraffic_2hourRun,ControlPlane,DenStream,temporal,4,1.0,0.8333333333333334,0.9090909090909091,1.0,0.8333333333333334,0.9090909090909091,13,0,0.0,32.8,28.0,0.776478500047233,13,10,12
bgpclear_apptraffic_2hourRun,ControlPlane,DenStream,temporal,5,1.0,0.5833333333333334,0.7368421052631579,1.0,0.5833333333333334,0.7368421052631579,8,0,0.0,48.857142857142854,61.0,0.776478500047233,8,7,12
bgpclear_apptraffic_2hourRun,DataPlane,DenStream,spatial,1,0.06643211920529801,0.9166666666666666,0.12388604308469581,0.06643211920529801,0.9166666666666666,0.12388604308469581,321,4511,2008.1117843452455,52.09090909090909,11.0,2.7656265000696294,4832,11,12
bgpclear_apptraffic_2hourRun,DataPlane,DenStream,spatial,2,0.1212733703890854,0.9166666666666666,0.2142074729197939,0.1212733703890854,0.9166666666666666,0.2142074729197939,240,1739,774.1313218746136,28.545454545454547,15.0,2.7656265000696294,1979,11,12
bgpclear_apptraffic_2hourRun,DataPlane,DenStream,spatial,3,0.21293375394321767,0.8333333333333334,0.33919597989949746,0.21293375394321767,0.8333333333333334,0.33919597989949746,135,499,222.13428960059355,18.7,16.5,2.7656265000696294,634,10,12
bgpclear_apptraffic_2hourRun,DataPlane,DenStream,spatial,4,0.3333333333333333,0.8333333333333334,0.47619047619047616,0.3333333333333333,0.8333333333333334,0.47619047619047616,56,112,49.85779646345988,44.5,38.5,2.7656265000696294,168,10,12
bgpclear_apptraffic_2hourRun,DataPlane,DenStream,spatial,5,0.46153846153846156,0.4166666666666667,0.43795620437956206,0.46153846153846156,0.4166666666666667,0.43795620437956206,12,14,6.232224557932485,62.0,53.0,2.7656265000696294,26,5,12
bgpclear_apptraffic_2hourRun,DataPlane,DenStream,temporal,1,0.024869109947643978,0.9166666666666666,0.04842446709916589,0.024869109947643978,0.9166666666666666,0.04842446709916589,38,1490,663.2867565228145,35.72727272727273,17.0,2.7656265000696294,1528,11,12
bgpclear_apptraffic_2hourRun,DataPlane,DenStream,temporal,2,0.02698282910874898,0.9166666666666666,0.05242255758538523,0.02698282910874898,0.9166666666666666,0.05242255758538523,33,1190,529.7390874242612,42.09090909090909,22.0,2.7656265000696294,1223,11,12
bgpclear_apptraffic_2hourRun,DataPlane,DenStream,temporal,3,0.03460837887067395,0.8333333333333334,0.0664568030779993,0.03460837887067395,0.8333333333333334,0.0664568030779993,19,530,235.93421540744407,44.7,26.0,2.7656265000696294,549,10,12
bgpclear_apptraffic_2hourRun,DataPlane,DenStream,temporal,4,0.029339853300733496,0.8333333333333334,0.05668398677373642,0.029339853300733496,0.8333333333333334,0.05668398677373642,12,397,176.72808210708544,50.2,31.0,2.7656265000696294,409,10,12
bgpclear_apptraffic_2hourRun,DataPlane,DenStream,temporal,5,0.03986710963455149,0.8333333333333334,0.07609384908053266,0.03986710963455149,0.8333333333333334,0.07609384908053266,12,289,128.65092123160628,51.9,34.0,2.7656265000696294,301,10,12
bgpclear_first,CompleteFeatures,DBSCAN,spatial,1,0.23070866141732282,1.0,0.3749200255918106,0.23070866141732282,1.0,0.3749200255918106,293,977,1176.7146202743393,4.090909090909091,1.0,0.24253829999361187,1270,11,11
bgpclear_first,CompleteFeatures,DBSCAN,spatial,2,0.3584656084656085,1.0,0.527750730282376,0.3584656084656085,1.0,0.527750730282376,271,485,584.1418534626965,5.363636363636363,5.0,0.24253829999361187,756,11,11
bgpclear_first,CompleteFeatures,DBSCAN,spatial,3,0.40632054176072235,1.0,0.5778491171749599,0.40632054176072235,1.0,0.5778491171749599,180,263,316.7614586818334,8.818181818181818,6.0,0.24253829999361187,443,11,11
bgpclear_first,CompleteFeatures,DBSCAN,spatial,4,0.4895833333333333,1.0,0.6573426573426574,0.4895833333333333,1.0,0.6573426573426574,94,98,118.0327868852459,20.363636363636363,14.0,0.24253829999361187,192,11,11
bgpclear_first,CompleteFeatures,DBSCAN,spatial,5,0.5740740740740741,0.7272727272727273,0.6416558861578265,0.5740740740740741,0.7272727272727273,0.6416558861578265,31,23,27.701572432251588,27.625,26.5,0.24253829999361187,54,8,11
bgpclear_first,CompleteFeatures,DBSCAN,temporal,1,0.056338028169014086,0.7272727272727273,0.10457516339869281,0.056338028169014086,0.7272727272727273,0.10457516339869281,8,134,161.39176982268316,2.125,1.0,0.24253829999361187,142,8,11
bgpclear_first,CompleteFeatures,DBSCAN,temporal,2,0.09574468085106383,0.8181818181818182,0.17142857142857143,0.09574468085106383,0.8181818181818182,0.17142857142857143,9,85,102.37537638006022,5.777777777777778,5.0,0.24253829999361187,94,9,11
bgpclear_first,CompleteFeatures,DBSCAN,temporal,3,0.12087912087912088,1.0,0.21568627450980393,0.12087912087912088,1.0,0.21568627450980393,11,80,96.35329541652726,8.545454545454545,9.0,0.24253829999361187,91,11,11
bgpclear_first,CompleteFeatures,DBSCAN,temporal,4,0.12790697674418605,1.0,0.2268041237113402,0.12790697674418605,1.0,0.2268041237113402,11,75,90.33121445299432,12.727272727272727,14.0,0.24253829999361187,86,11,11
bgpclear_first,CompleteFeatures,DBSCAN,temporal,5,0.1375,1.0,0.2417582417582418,0.1375,1.0,0.2417582417582418,11,69,83.10471729675477,16.818181818181817,18.0,0.24253829999361187,80,11,11
bgpclear_first,CompleteFeatures,DenStream,spatial,1,0.11566681053085887,1.0,0.20735009671179883,0.11566681053085887,1.0,0.20735009671179883,268,2049,2467.8487788558045,2.090909090909091,1.0,1.3194990999763831,2317,11,11
bgpclear_first,CompleteFeatures,DenStream,spatial,2,0.21982758620689655,1.0,0.36042402826855124,0.21982758620689655,1.0,0.36042402826855124,306,1086,1307.9959852793577,3.3636363636363638,1.0,1.3194990999763831,1392,11,11
bgpclear_first,CompleteFeatures,DenStream,spatial,3,0.29596412556053814,1.0,0.4567474048442907,0.29596412556053814,1.0,0.4567474048442907,198,471,567.2800267648042,7.636363636363637,4.0,1.3194990999763831,669,11,11
bgpclear_first,CompleteFeatures,DenStream,spatial,4,0.3968253968253968,1.0,0.5681818181818182,0.3968253968253968,1.0,0.5681818181818182,100,152,183.0712612914018,19.454545454545453,18.0,1.3194990999763831,252,11,11
bgpclear_first,CompleteFeatures,DenStream,spatial,5,0.4533333333333333,0.8181818181818182,0.5834127740705434,0.4533333333333333,0.8181818181818182,0.5834127740705434,34,41,49.381063900970226,45.666666666666664,35.0,1.3194990999763831,75,9,11
bgpclear_first,CompleteFeatures,DenStream,temporal,1,0.02533783783783784,0.8181818181818182,0.04915346805024577,0.02533783783783784,0.8181818181818182,0.04915346805024577,15,577,694.9481431917029,40.0,1.0,1.3194990999763831,592,9,11
bgpclear_first,CompleteFeatures,DenStream,temporal,2,0.03205128205128205,0.8181818181818182,0.0616860863605209,0.03205128205128205,0.8181818181818182,0.0616860863605209,15,453,545.6005352960857,25.11111111111111,5.0,1.3194990999763831,468,9,11
bgpclear_first,CompleteFeatures,DenStream,temporal,3,0.03767123287671233,0.9090909090909091,0.0723446234791187,0.03767123287671233,0.9090909090909091,0.0723446234791187,11,281,338.440950150552,26.7,9.0,1.3194990999763831,292,10,11
bgpclear_first,CompleteFeatures,DenStream,temporal,4,0.05,0.9090909090909091,0.09478672985781991,0.05,0.9090909090909091,0.09478672985781991,12,228,274.6068919371027,11.7,13.5,1.3194990999763831,240,10,11
bgpclear_first,CompleteFeatures,DenStream,temporal,5,0.06349206349206349,0.9090909090909091,0.11869436201780414,0.06349206349206349,0.9090909090909091,0.11869436201780414,12,177,213.18166610906658,15.9,18.0,1.3194990999763831,189,10,11
bgpclear_first,CompleteFeatures,MiniBatchKMeans,spatial,1,0.07446808510638298,1.0,0.1386138613861386,0.07446808510638298,1.0,0.1386138613861386,196,2436,2933.9578454332554,20.545454545454547,9.0,5.118292300030589,2632,11,11
bgpclear_first,CompleteFeatures,MiniBatchKMeans,spatial,2,0.13549618320610687,1.0,0.23865546218487396,0.13549618320610687,1.0,0.23865546218487396,284,1812,2182.402141184343,6.090909090909091,1.0,5.118292300030589,2096,11,11
bgpclear_first,CompleteFeatures,MiniBatchKMeans,spatial,3,0.17364813404417365,1.0,0.2959117456197275,0.17364813404417365,1.0,0.2959117456197275,228,1085,1306.791569086651,9.272727272727273,6.0,5.118292300030589,1313,11,11
bgpclear_first,CompleteFeatures,MiniBatchKMeans,spatial,4,0.19138755980861244,1.0,0.32128514056224894,0.19138755980861244,1.0,0.32128514056224894,120,507,610.6390097022415,24.454545454545453,18.0,5.118292300030589,627,11,11
bgpclear_first,CompleteFeatures,MiniBatchKMeans,spatial,5,0.24623115577889448,0.9090909090909091,0.38750494266508506,0.24623115577889448,0.9090909090909091,0.38750494266508506,49,150,180.66242890598863,47.0,36.5,5.118292300030589,199,10,11
bgpclear_first,CompleteFeatures,MiniBatchKMeans,temporal,1,0.0,0.0,0.0,0.0,0.0,0.0,0,12,14.45299431247909,,,5.118292300030589,12,0,11
bgpclear_first,CompleteFeatures,MiniBatchKMeans,temporal,2,0.0,0.0,0.0,0.0,0.0,0.0,0,11,13.2485781197725,,,5.118292300030589,11,0,11
bgpclear_first,CompleteFeatures,MiniBatchKMeans,temporal,3,0.0,0.0,0.0,0.0,0.0,0.0,0,11,13.2485781197725,,,5.118292300030589,11,0,11
bgpclear_first,CompleteFeatures,MiniBatchKMeans,temporal,4,0.0,0.0,0.0,0.0,0.0,0.0,0,11,13.2485781197725,,,5.118292300030589,11,0,11
bgpclear_first,CompleteFeatures,MiniBatchKMeans,temporal,5,0.0,0.0,0.0,0.0,0.0,0.0,0,11,13.2485781197725,,,5.118292300030589,11,0,11
bgpclear_first,ControlPlane,DenStream,spatial,1,0.5182926829268293,1.0,0.6827309236947792,0.5182926829268293,1.0,0.6827309236947792,85,79,95.14887922382067,2.1818181818181817,1.0,0.3007274999981746,164,11,11
bgpclear_first,ControlPlane,DenStream,spatial,2,0.6666666666666666,0.8181818181818182,0.7346938775510203,0.6666666666666666,0.8181818181818182,0.7346938775510203,32,16,19.270659083305453,11.222222222222221,6.0,0.3007274999981746,48,9,11
bgpclear_first,ControlPlane,DenStream,spatial,3,0.7142857142857143,0.6363636363636364,0.673076923076923,0.7142857142857143,0.6363636363636364,0.673076923076923,10,4,4.817664770826363,24.142857142857142,22.0,0.3007274999981746,14,7,11
bgpclear_first,ControlPlane,DenStream,spatial,4,1.0,0.2727272727272727,0.42857142857142855,1.0,0.2727272727272727,0.42857142857142855,5,0,0.0,31.333333333333332,35.0,0.3007274999981746,5,3,11
bgpclear_first,ControlPlane,DenStream,spatial,5,1.0,0.09090909090909091,0.16666666666666669,1.0,0.09090909090909091,0.16666666666666669,1,0,0.0,35.0,35.0,0.3007274999981746,1,1,11
bgpclear_first,ControlPlane,DenStream,temporal,1,0.4,1.0,0.5714285714285715,0.4,1.0,0.5714285714285715,34,51,61.42522582803613,3.3636363636363638,1.0,0.3007274999981746,85,11,11
bgpclear_first,ControlPlane,DenStream,temporal,2,0.42168674698795183,1.0,0.5932203389830509,0.42168674698795183,1.0,0.5932203389830509,35,48,57.81197724991636,6.0,5.0,0.3007274999981746,83,11,11
bgpclear_first,ControlPlane,DenStream,temporal,3,0.4827586206896552,1.0,0.6511627906976745,0.4827586206896552,1.0,0.6511627906976745,14,15,18.06624289059886,39.72727272727273,44.0,0.3007274999981746,29,11,11
bgpclear_first,ControlPlane,DenStream,temporal,4,0.5263157894736842,0.8181818181818182,0.6405693950177936,0.5263157894736842,0.8181818181818182,0.6405693950177936,10,9,10.839745734359317,43.0,48.0,0.3007274999981746,19,9,11
bgpclear_first,ControlPlane,DenStream,temporal,5,0.5714285714285714,0.36363636363636365,0.4444444444444444,0.5714285714285714,0.36363636363636365,0.4444444444444444,4,3,3.6132485781197725,39.75,41.5,0.3007274999981746,7,4,11
bgpclear_first,DataPlane,DenStream,spatial,1,0.11438474870017332,1.0,0.2052877138413686,0.11438474870017332,1.0,0.2052877138413686,264,2044,2461.8266978922716,4.0,4.0,1.3117252999800257,2308,11,11
bgpclear_first,DataPlane,DenStream,spatial,2,0.21998562185478074,1.0,0.36063641720683565,0.21998562185478074,1.0,0.36063641720683565,306,1085,1306.791569086651,4.181818181818182,5.0,1.3117252999800257,1391,11,11
bgpclear_first,DataPlane,DenStream,spatial,3,0.2897897897897898,1.0,0.44935972060535506,0.2897897897897898,1.0,0.44935972060535506,193,473,569.6888591502175,10.363636363636363,6.0,1.3117252999800257,666,11,11
bgpclear_first,DataPlane,DenStream,spatial,4,0.3902439024390244,1.0,0.5614035087719299,0.3902439024390244,1.0,0.5614035087719299,96,150,180.66242890598863,18.272727272727273,18.0,1.3117252999800257,246,11,11
bgpclear_first,DataPlane,DenStream,spatial,5,0.44,0.9090909090909091,0.5929919137466306,0.44,0.9090909090909091,0.5929919137466306,33,42,50.585480093676814,53.2,39.0,1.3117252999800257,75,10,11
bgpclear_first,DataPlane,DenStream,temporal,1,0.027210884353741496,0.8181818181818182,0.05267008046817849,0.027210884353741496,0.8181818181818182,0.05267008046817849,16,572,688.9260622281699,21.666666666666668,1.0,1.3117252999800257,588,9,11
bgpclear_first,DataPlane,DenStream,temporal,2,0.032327586206896554,0.8181818181818182,0.06219765031098825,0.032327586206896554,0.8181818181818182,0.06219765031098825,15,449,540.7828705252592,26.22222222222222,6.0,1.3117252999800257,464,9,11
bgpclear_first,DataPlane,DenStream,temporal,3,0.038461538461538464,0.9090909090909091,0.07380073800738009,0.038461538461538464,0.9090909090909091,0.07380073800738009,11,275,331.21445299431247,27.5,10.0,1.3117252999800257,286,10,11
bgpclear_first,DataPlane,DenStream,temporal,4,0.05084745762711865,0.9090909090909091,0.09630818619582665,0.05084745762711865,0.9090909090909091,0.09630818619582665,12,224,269.78922716627636,12.5,14.0,1.3117252999800257,236,10,11
bgpclear_first,DataPlane,DenStream,temporal,5,0.06382978723404255,0.9090909090909091,0.11928429423459243,0.06382978723404255,0.9090909090909091,0.11928429423459243,12,176,211.97724991636,16.8,18.0,1.3117252999800257,188,10,11
bgpclear_no_traffic_2hourRun,CompleteFeatures,DBSCAN,spatial,1,0.06301182893539581,0.9166666666666666,0.11791795665634675,0.06301182893539581,0.9166666666666666,0.11791795665634675,277,4119,1833.8362602028199,9.363636363636363,9.0,0.40988600003765896,4396,11,12
bgpclear_no_traffic_2hourRun,CompleteFeatures,DBSCAN,spatial,2,0.135661133371494,0.9166666666666666,0.23634468065817504,0.135661133371494,0.9166666666666666,0.23634468065817504,237,1510,672.2730645560229,9.727272727272727,8.0,0.40988600003765896,1747,11,12
bgpclear_no_traffic_2hourRun,CompleteFeatures,DBSCAN,spatial,3,0.22929936305732485,0.9166666666666666,0.3668364983788791,0.22929936305732485,0.9166666666666666,0.3668364983788791,108,363,161.61266386346773,20.545454545454547,14.0,0.40988600003765896,471,11,12
bgpclear_no_traffic_2hourRun,CompleteFeatures,DBSCAN,spatial,4,0.3614457831325301,0.6666666666666666,0.46875000000000006,0.3614457831325301,0.6666666666666666,0.46875000000000006,30,53,23.596339351966364,27.625,17.0,0.40988600003765896,83,8,12
bgpclear_no_traffic_2hourRun,CompleteFeatures,DBSCAN,spatial,5,0.7777777777777778,0.3333333333333333,0.4666666666666666,0.7777777777777778,0.3333333333333333,0.4666666666666666,7,2,0.8904279000742024,33.5,20.0,0.40988600003765896,9,4,12
bgpclear_no_traffic_2hourRun,CompleteFeatures,DBSCAN,temporal,1,0.030201342281879196,0.5833333333333334,0.05742935278030994,0.030201342281879196,0.5833333333333334,0.05742935278030994,18,578,257.3336631214445,6.714285714285714,8.0,0.40988600003765896,596,7,12
bgpclear_no_traffic_2hourRun,CompleteFeatures,DBSCAN,temporal,2,0.045454545454545456,0.5833333333333334,0.08433734939759037,0.045454545454545456,0.5833333333333334,0.08433734939759037,12,252,112.1939154093495,12.0,13.0,0.40988600003765896,264,7,12
bgpclear_no_traffic_2hourRun,CompleteFeatures,DBSCAN,temporal,3,0.06790123456790123,0.6666666666666666,0.12324929971988795,0.06790123456790123,0.6666666666666666,0.12324929971988795,11,151,67.22730645560227,15.5,17.0,0.40988600003765896,162,8,12
bgpclear_no_traffic_2hourRun,CompleteFeatures,DBSCAN,temporal,4,0.07751937984496124,0.75,0.1405152224824356,0.07751937984496124,0.75,0.1405152224824356,10,119,52.98046005441504,18.444444444444443,21.0,0.40988600003765896,129,9,12
bgpclear_no_traffic_2hourRun,CompleteFeatures,DBSCAN,temporal,5,0.08928571428571429,0.75,0.15957446808510636,0.08928571428571429,0.75,0.15957446808510636,10,102,45.41182290378432,24.11111111111111,27.0,0.40988600003765896,112,9,12
bgpclear_no_traffic_2hourRun,CompleteFeatures,DenStream,spatial,1,0.07709987463435018,0.9166666666666666,0.14223639485580125,0.07709987463435018,0.9166666666666666,0.14223639485580125,369,4417,1966.510017313876,12.272727272727273,9.0,2.118018299981486,4786,11,12
bgpclear_no_traffic_2hourRun,CompleteFeatures,DenStream,spatial,2,0.14660493827160495,0.9166666666666666,0.252781809385583,0.14660493827160495,0.9166666666666666,0.252781809385583,285,1659,738.6099431115509,8.272727272727273,5.0,2.118018299981486,1944,11,12
bgpclear_no_traffic_2hourRun,CompleteFeatures,DenStream,spatial,3,0.2463768115942029,0.9166666666666666,0.3883696780893042,0.2463768115942029,0.9166666666666666,0.3883696780893042,136,416,185.2090032154341,17.636363636363637,15.0,2.118018299981486,552,11,12
bgpclear_no_traffic_2hourRun,CompleteFeatures,DenStream,spatial,4,0.4411764705882353,0.8333333333333334,0.576923076923077,0.4411764705882353,0.8333333333333334,0.576923076923077,45,57,25.37719515211477,34.6,17.0,2.118018299981486,102,10,12
bgpclear_no_traffic_2hourRun,CompleteFeatures,DenStream,spatial,5,0.7272727272727273,0.4166666666666667,0.5298013245033112,0.7272727272727273,0.4166666666666667,0.5298013245033112,8,3,1.3356418501113037,47.0,25.0,2.118018299981486,11,5,12
bgpclear_no_traffic_2hourRun,CompleteFeatures,DenStream,temporal,1,0.03431952662721893,0.75,0.06563560920407394,0.03431952662721893,0.75,0.06563560920407394,29,816,363.29458323027455,60.333333333333336,8.0,2.118018299981486,845,9,12
bgpclear_no_traffic_2hourRun,CompleteFeatures,DenStream,temporal,2,0.03153988868274583,0.75,0.06053412462908013,0.03153988868274583,0.75,0.06053412462908013,17,522,232.40168191936684,65.77777777777777,14.0,2.118018299981486,539,9,12
bgpclear_no_traffic_2hourRun,CompleteFeatures,DenStream,temporal,3,0.0364741641337386,0.75,0.06956521739130433,0.0364741641337386,0.75,0.06956521739130433,12,317,141.13282216176108,43.44444444444444,16.0,2.118018299981486,329,9,12
bgpclear_no_traffic_2hourRun,CompleteFeatures,DenStream,temporal,4,0.042735042735042736,0.6666666666666666,0.08032128514056226,0.042735042735042736,0.6666666666666666,0.08032128514056226,10,224,99.72792480831066,20.125,21.5,2.118018299981486,234,8,12
bgpclear_no_traffic_2hourRun,CompleteFeatures,DenStream,temporal,5,0.05714285714285714,0.6666666666666666,0.10526315789473684,0.05714285714285714,0.6666666666666666,0.10526315789473684,10,165,73.4603017561217,25.75,27.0,2.118018299981486,175,8,12
bgpclear_no_traffic_2hourRun,CompleteFeatures,MiniBatchKMeans,spatial,1,0.04122546943385571,0.9166666666666666,0.07890244052224965,0.04122546943385571,0.9166666666666666,0.07890244052224965,292,6791,3023.447934701954,15.636363636363637,16.0,6.438372600066941,7083,11,12
bgpclear_no_traffic_2hourRun,CompleteFeatures,MiniBatchKMeans,spatial,2,0.09349427168576105,0.9166666666666666,0.16968203604941606,0.09349427168576105,0.9166666666666666,0.16968203604941606,457,4431,1972.7430126143954,12.545454545454545,10.0,6.438372600066941,4888,11,12
bgpclear_no_traffic_2hourRun,CompleteFeatures,MiniBatchKMeans,spatial,3,0.1474440219687368,0.9166666666666666,0.2540281224152192,0.1474440219687368,0.9166666666666666,0.2540281224152192,349,2018,898.4417511748702,8.727272727272727,3.0,6.438372600066941,2367,11,12
bgpclear_no_traffic_2hourRun,CompleteFeatures,MiniBatchKMeans,spatial,4,0.2134703196347032,0.9166666666666666,0.3462962962962963,0.2134703196347032,0.9166666666666666,0.3462962962962963,187,689,306.75241157556275,21.09090909090909,14.0,6.438372600066941,876,11,12
bgpclear_no_traffic_2hourRun,CompleteFeatures,MiniBatchKMeans,spatial,5,0.2558139534883721,0.6666666666666666,0.3697478991596639,0.2558139534883721,0.6666666666666666,0.3697478991596639,55,160,71.23423200593619,46.625,44.5,6.438372600066941,215,8,12
bgpclear_no_traffic_2hourRun,CompleteFeatures,MiniBatchKMeans,temporal,1,0.0,0.0,0.0,0.0,0.0,0.0,0,11,4.897353450408113,,,6.438372600066941,11,0,12
bgpclear_no_traffic_2hourRun,CompleteFeatures,MiniBatchKMeans,temporal,2,0.0,0.0,0.0,0.0,0.0,0.0,0,11,4.897353450408113,,,6.438372600066941,11,0,12
bgpclear_no_traffic_2hourRun,CompleteFeatures,MiniBatchKMeans,temporal,3,0.0,0.0,0.0,0.0,0.0,0.0,0,11,4.897353450408113,,,6.438372600066941,11,0,12
bgpclear_no_traffic_2hourRun,CompleteFeatures,MiniBatchKMeans,temporal,4,0.0,0.0,0.0,0.0,0.0,0.0,0,11,4.897353450408113,,,6.438372600066941,11,0,12
bgpclear_no_traffic_2hourRun,CompleteFeatures,MiniBatchKMeans,temporal,5,0.0,0.0,0.0,0.0,0.0,0.0,0,11,4.897353450408113,,,6.438372600066941,11,0,12
bgpclear_no_traffic_2hourRun,ControlPlane,DenStream,spatial,1,0.5130434782608696,0.9166666666666666,0.6578813988849468,0.5130434782608696,0.9166666666666666,0.6578813988849468,118,112,49.86396240415533,9.363636363636363,9.0,0.5965076001593843,230,11,12
bgpclear_no_traffic_2hourRun,ControlPlane,DenStream,spatial,2,0.42592592592592593,0.8333333333333334,0.5637254901960784,0.42592592592592593,0.8333333333333334,0.5637254901960784,23,31,13.801632451150137,18.6,16.5,0.5965076001593843,54,10,12
bgpclear_no_traffic_2hourRun,ControlPlane,DenStream,spatial,3,0.6153846153846154,0.5833333333333334,0.5989304812834224,0.6153846153846154,0.5833333333333334,0.5989304812834224,8,5,2.226069750185506,24.142857142857142,23.0,0.5965076001593843,13,7,12
bgpclear_no_traffic_2hourRun,ControlPlane,DenStream,spatial,4,0.5,0.08333333333333333,0.14285714285714285,0.5,0.08333333333333333,0.14285714285714285,1,1,0.4452139500371012,14.0,14.0,0.5965076001593843,2,1,12
bgpclear_no_traffic_2hourRun,ControlPlane,DenStream,spatial,5,0.0,0.0,0.0,0.0,0.0,0.0,0,0,0.0,,,0.5965076001593843,0,0,12
bgpclear_no_traffic_2hourRun,ControlPlane,DenStream,temporal,1,0.28346456692913385,0.9166666666666666,0.4330235101148168,0.28346456692913385,0.9166666666666666,0.4330235101148168,36,91,40.51446945337621,9.363636363636363,9.0,0.5965076001593843,127,11,12
bgpclear_no_traffic_2hourRun,ControlPlane,DenStream,temporal,2,0.2845528455284553,0.9166666666666666,0.43429216018048505,0.2845528455284553,0.9166666666666666,0.43429216018048505,35,88,39.17882760326491,14.545454545454545,14.0,0.5965076001593843,123,11,12
bgpclear_no_traffic_2hourRun,ControlPlane,DenStream,temporal,3,0.8888888888888888,0.9166666666666666,0.9025641025641026,0.8888888888888888,0.9166666666666666,0.9025641025641026,16,2,0.8904279000742024,34.81818181818182,23.0,0.5965076001593843,18,11,12
bgpclear_no_traffic_2hourRun,ControlPlane,DenStream,temporal,4,1.0,0.75,0.8571428571428571,1.0,0.75,0.8571428571428571,13,0,0.0,36.44444444444444,27.0,0.5965076001593843,13,9,12
bgpclear_no_traffic_2hourRun,ControlPlane,DenStream,temporal,5,1.0,0.5833333333333334,0.7368421052631579,1.0,0.5833333333333334,0.7368421052631579,7,0,0.0,52.857142857142854,60.0,0.5965076001593843,7,7,12
bgpclear_no_traffic_2hourRun,DataPlane,DenStream,spatial,1,0.07526656909889191,0.9166666666666666,0.13911088472414945,0.07526656909889191,0.9166666666666666,0.13911088472414945,360,4423,1969.1813010140986,18.181818181818183,19.0,2.1277299000066705,4783,11,12
bgpclear_no_traffic_2hourRun,DataPlane,DenStream,spatial,2,0.1441115702479339,0.9166666666666666,0.2490667099496835,0.1441115702479339,0.9166666666666666,0.2490667099496835,279,1657,737.7195152114767,8.272727272727273,5.0,2.1277299000066705,1936,11,12
bgpclear_no_traffic_2hourRun,DataPlane,DenStream,spatial,3,0.23411978221415608,0.9166666666666666,0.37297936653962405,0.23411978221415608,0.9166666666666666,0.37297936653962405,129,422,187.8802869156567,19.545454545454547,17.0,2.1277299000066705,551,11,12
bgpclear_no_traffic_2hourRun,DataPlane,DenStream,spatial,4,0.41414141414141414,0.8333333333333334,0.5533063427800271,0.41414141414141414,0.8333333333333334,0.5533063427800271,41,58,25.82240910215187,42.2,25.5,2.1277299000066705,99,10,12
bgpclear_no_traffic_2hourRun,DataPlane,DenStream,spatial,5,0.7,0.3333333333333333,0.45161290322580644,0.7,0.3333333333333333,0.45161290322580644,7,3,1.3356418501113037,52.5,49.0,2.1277299000066705,10,4,12
bgpclear_no_traffic_2hourRun,DataPlane,DenStream,temporal,1,0.037825059101654845,0.75,0.07201800450112528,0.037825059101654845,0.75,0.07201800450112528,32,814,362.40415533020035,36.44444444444444,9.0,2.1277299000066705,846,9,12
bgpclear_no_traffic_2hourRun,DataPlane,DenStream,temporal,2,0.0335195530726257,0.75,0.06417112299465241,0.0335195530726257,0.75,0.06417112299465241,18,519,231.0660400692555,44.0,19.0,2.1277299000066705,537,9,12
bgpclear_no_traffic_2hourRun,DataPlane,DenStream,temporal,3,0.039634146341463415,0.75,0.07528957528957528,0.039634146341463415,0.75,0.07528957528957528,13,315,140.24239426168688,47.111111111111114,24.0,2.1277299000066705,328,9,12
bgpclear_no_traffic_2hourRun,DataPlane,DenStream,temporal,4,0.04310344827586207,0.6666666666666666,0.08097165991902834,0.04310344827586207,0.6666666666666666,0.08097165991902834,10,222,98.83749690823646,26.875,29.5,2.1277299000066705,232,8,12
bgpclear_no_traffic_2hourRun,DataPlane,DenStream,temporal,5,0.05747126436781609,0.6666666666666666,0.10582010582010581,0.05747126436781609,0.6666666666666666,0.10582010582010581,10,164,73.0150878060846,32.375,35.0,2.1277299000066705,174,8,12
bgpclear_second,CompleteFeatures,DBSCAN,spatial,1,0.2516629711751663,1.0,0.4021257750221435,0.2516629711751663,1.0,0.4021257750221435,227,675,1308.562197092084,4.125,5.0,0.20718500000657514,902,8,8
bgpclear_second,CompleteFeatures,DBSCAN,spatial,2,0.3421461897356143,1.0,0.5098493626882966,0.3421461897356143,1.0,0.5098493626882966,220,423,820.0323101777059,4.625,5.0,0.20718500000657514,643,8,8
bgpclear_second,CompleteFeatures,DBSCAN,spatial,3,0.48265895953757226,1.0,0.6510721247563352,0.48265895953757226,1.0,0.6510721247563352,167,179,347.0113085621971,11.0,13.5,0.20718500000657514,346,8,8
bgpclear_second,CompleteFeatures,DBSCAN,spatial,4,0.6167664670658682,1.0,0.7629629629629628,0.6167664670658682,1.0,0.7629629629629628,103,64,124.07108239095314,22.5,21.5,0.20718500000657514,167,8,8
bgpclear_second,CompleteFeatures,DBSCAN,spatial,5,0.8421052631578947,0.75,0.7933884297520661,0.8421052631578947,0.75,0.7933884297520661,48,9,17.447495961227787,40.5,27.0,0.20718500000657514,57,6,8
bgpclear_second,CompleteFeatures,DBSCAN,temporal,1,0.09375,0.625,0.16304347826086957,0.09375,0.625,0.16304347826086957,6,58,112.43941841680129,4.2,5.0,0.20718500000657514,64,5,8
bgpclear_second,CompleteFeatures,DBSCAN,temporal,2,0.0967741935483871,0.625,0.16759776536312848,0.0967741935483871,0.625,0.16759776536312848,6,56,108.562197092084,8.2,9.0,0.20718500000657514,62,5,8
bgpclear_second,CompleteFeatures,DBSCAN,temporal,3,0.1016949152542373,0.625,0.1749271137026239,0.1016949152542373,0.625,0.1749271137026239,6,53,102.74636510500807,12.6,14.0,0.20718500000657514,59,5,8
bgpclear_second,CompleteFeatures,DBSCAN,temporal,4,0.08771929824561403,0.625,0.15384615384615383,0.08771929824561403,0.625,0.15384615384615383,5,52,100.80775444264943,16.8,18.0,0.20718500000657514,57,5,8
bgpclear_second,CompleteFeatures,DBSCAN,temporal,5,0.09090909090909091,0.625,0.15873015873015875,0.09090909090909091,0.625,0.15873015873015875,5,50,96.93053311793214,21.0,22.0,0.20718500000657514,55,5,8
bgpclear_second,CompleteFeatures,DenStream,spatial,1,0.15279672578444747,1.0,0.26508875739644966,0.15279672578444747,1.0,0.26508875739644966,224,1242,2407.7544426494346,5.25,5.0,0.878973500104621,1466,8,8
bgpclear_second,CompleteFeatures,DenStream,spatial,2,0.271356783919598,1.0,0.4268774703557312,0.271356783919598,1.0,0.4268774703557312,270,725,1405.4927302100161,3.125,3.0,0.878973500104621,995,8,8
bgpclear_second,CompleteFeatures,DenStream,spatial,3,0.4070450097847358,1.0,0.5785813630041724,0.4070450097847358,1.0,0.5785813630041724,208,303,587.3990306946688,8.375,7.5,0.878973500104621,511,8,8
bgpclear_second,CompleteFeatures,DenStream,spatial,4,0.5406698564593302,1.0,0.7018633540372671,0.5406698564593302,1.0,0.7018633540372671,113,96,186.10662358642972,21.0,21.5,0.878973500104621,209,8,8
bgpclear_second,CompleteFeatures,DenStream,spatial,5,0.8,0.75,0.7741935483870969,0.8,0.75,0.7741935483870969,48,12,23.263327948303715,40.5,27.0,0.878973500104621,60,6,8
bgpclear_second,CompleteFeatures,DenStream,temporal,1,0.06006006006006006,1.0,0.11331444759206799,0.06006006006006006,1.0,0.11331444759206799,20,313,606.7851373182552,75.25,5.5,0.878973500104621,333,8,8
bgpclear_second,CompleteFeatures,DenStream,temporal,2,0.06614785992217899,1.0,0.12408759124087591,0.06614785992217899,1.0,0.12408759124087591,17,240,465.2665589660743,79.25,9.5,0.878973500104621,257,8,8
bgpclear_second,CompleteFeatures,DenStream,temporal,3,0.08771929824561403,1.0,0.16129032258064516,0.08771929824561403,1.0,0.16129032258064516,15,156,302.4232633279483,83.625,14.0,0.878973500104621,171,8,8
bgpclear_second,CompleteFeatures,DenStream,temporal,4,0.0948905109489051,0.875,0.17121354656632173,0.0948905109489051,0.875,0.17121354656632173,13,124,240.3877221324717,70.42857142857143,18.0,0.878973500104621,137,7,8
bgpclear_second,CompleteFeatures,DenStream,temporal,5,0.08928571428571429,0.875,0.16203703703703703,0.08928571428571429,0.875,0.16203703703703703,10,102,197.73828756058157,79.28571428571429,22.0,0.878973500104621,112,7,8
bgpclear_second,CompleteFeatures,MiniBatchKMeans,spatial,1,0.1134531928084315,1.0,0.20378619153674835,0.1134531928084315,1.0,0.20378619153674835,183,1430,2772.213247172859,3.625,1.0,4.5824797001550905,1613,8,8
bgpclear_second,CompleteFeatures,MiniBatchKMeans,spatial,2,0.1867612293144208,1.0,0.3147410358565737,0.1867612293144208,1.0,0.3147410358565737,237,1032,2000.6462035541194,1.5,1.0,4.5824797001550905,1269,8,8
bgpclear_second,CompleteFeatures,MiniBatchKMeans,spatial,3,0.31729518855656696,1.0,0.4817374136229023,0.31729518855656696,1.0,0.4817374136229023,244,525,1017.7705977382875,5.375,1.0,4.5824797001550905,769,8,8
bgpclear_second,CompleteFeatures,MiniBatchKMeans,spatial,4,0.3914209115281501,1.0,0.5626204238921002,0.3914209115281501,1.0,0.5626204238921002,146,227,440.06462035541193,17.375,19.0,4.5824797001550905,373,8,8
bgpclear_second,CompleteFeatures,MiniBatchKMeans,spatial,5,0.5714285714285714,0.875,0.691358024691358,0.5714285714285714,0.875,0.691358024691358,60,45,87.23747980613892,62.0,29.0,4.5824797001550905,105,7,8
bgpclear_second,CompleteFeatures,MiniBatchKMeans,temporal,1,0.09090909090909091,0.125,0.10526315789473685,0.09090909090909091,0.125,0.10526315789473685,1,10,19.38610662358643,0.0,0.0,4.5824797001550905,11,1,8
bgpclear_second,CompleteFeatures,MiniBatchKMeans,temporal,2,0.09090909090909091,0.125,0.10526315789473685,0.09090909090909091,0.125,0.10526315789473685,1,10,19.38610662358643,4.0,4.0,4.5824797001550905,11,1,8
bgpclear_second,CompleteFeatures,MiniBatchKMeans,temporal,3,0.09090909090909091,0.125,0.10526315789473685,0.09090909090909091,0.125,0.10526315789473685,1,10,19.38610662358643,8.0,8.0,4.5824797001550905,11,1,8
bgpclear_second,CompleteFeatures,MiniBatchKMeans,temporal,4,0.09090909090909091,0.125,0.10526315789473685,0.09090909090909091,0.125,0.10526315789473685,1,10,19.38610662358643,13.0,13.0,4.5824797001550905,11,1,8
bgpclear_second,CompleteFeatures,MiniBatchKMeans,temporal,5,0.09090909090909091,0.125,0.10526315789473685,0.09090909090909091,0.125,0.10526315789473685,1,10,19.38610662358643,17.0,17.0,4.5824797001550905,11,1,8
bgpclear_second,ControlPlane,DenStream,spatial,1,0.6909090909090909,1.0,0.8172043010752689,0.6909090909090909,1.0,0.8172043010752689,76,34,65.91276252019385,2.625,2.5,0.17747029999736696,110,8,8
bgpclear_second,ControlPlane,DenStream,spatial,2,0.5,0.625,0.5555555555555556,0.5,0.625,0.5555555555555556,9,9,17.447495961227787,26.0,34.0,0.17747029999736696,18,5,8
bgpclear_second,ControlPlane,DenStream,spatial,3,0.16666666666666666,0.125,0.14285714285714288,0.16666666666666666,0.125,0.14285714285714288,1,5,9.693053311793214,39.0,39.0,0.17747029999736696,6,1,8
bgpclear_second,ControlPlane,DenStream,spatial,4,1.0,0.125,0.2222222222222222,1.0,0.125,0.2222222222222222,2,0,0.0,53.0,53.0,0.17747029999736696,2,1,8
bgpclear_second,ControlPlane,DenStream,spatial,5,0.0,0.0,0.0,0.0,0.0,0.0,0,0,0.0,,,0.17747029999736696,0,0,8
bgpclear_second,ControlPlane,DenStream,temporal,1,0.48,1.0,0.6486486486486487,0.48,1.0,0.6486486486486487,24,26,50.40387722132471,2.625,2.5,0.17747029999736696,50,8,8
bgpclear_second,ControlPlane,DenStream,temporal,2,0.48936170212765956,1.0,0.6571428571428571,0.48936170212765956,1.0,0.6571428571428571,23,24,46.52665589660743,6.75,7.0,0.17747029999736696,47,8,8
bgpclear_second,ControlPlane,DenStream,temporal,3,0.6,1.0,0.7499999999999999,0.6,1.0,0.7499999999999999,9,6,11.631663974151857,25.5,26.5,0.17747029999736696,15,8,8
bgpclear_second,ControlPlane,DenStream,temporal,4,1.0,0.875,0.9333333333333333,1.0,0.875,0.9333333333333333,8,0,0.0,29.571428571428573,30.0,0.17747029999736696,8,7,8
bgpclear_second,ControlPlane,DenStream,temporal,5,1.0,0.625,0.7692307692307693,1.0,0.625,0.7692307692307693,6,0,0.0,32.0,35.0,0.17747029999736696,6,5,8
bgpclear_second,DataPlane,DenStream,spatial,1,0.15143246930422918,1.0,0.2630331753554502,0.15143246930422918,1.0,0.2630331753554502,222,1244,2411.6316639741517,6.25,5.0,0.8341112000634894,1466,8,8
bgpclear_second,DataPlane,DenStream,spatial,2,0.26988922457200404,1.0,0.42505947660586835,0.26988922457200404,1.0,0.42505947660586835,268,725,1405.4927302100161,4.125,4.5,0.8341112000634894,993,8,8
bgpclear_second,DataPlane,DenStream,spatial,3,0.40588235294117647,1.0,0.5774058577405858,0.40588235294117647,1.0,0.5774058577405858,207,303,587.3990306946688,9.375,11.0,0.8341112000634894,510,8,8
bgpclear_second,DataPlane,DenStream,spatial,4,0.5384615384615384,1.0,0.7000000000000001,0.5384615384615384,1.0,0.7000000000000001,112,96,186.10662358642972,22.5,21.5,0.8341112000634894,208,8,8
bgpclear_second,DataPlane,DenStream,spatial,5,0.8,0.75,0.7741935483870969,0.8,0.75,0.7741935483870969,48,12,23.263327948303715,40.5,27.0,0.8341112000634894,60,6,8
bgpclear_second,DataPlane,DenStream,temporal,1,0.059880239520958084,1.0,0.11299435028248588,0.059880239520958084,1.0,0.11299435028248588,20,314,608.7237479806139,76.25,7.5,0.8341112000634894,334,8,8
bgpclear_second,DataPlane,DenStream,temporal,2,0.06589147286821706,1.0,0.12363636363636363,0.06589147286821706,1.0,0.12363636363636363,17,241,467.20516962843294,80.25,11.5,0.8341112000634894,258,8,8
bgpclear_second,DataPlane,DenStream,temporal,3,0.08771929824561403,1.0,0.16129032258064516,0.08771929824561403,1.0,0.16129032258064516,15,156,302.4232633279483,84.75,16.0,0.8341112000634894,171,8,8
bgpclear_second,DataPlane,DenStream,temporal,4,0.0948905109489051,0.875,0.17121354656632173,0.0948905109489051,0.875,0.17121354656632173,13,124,240.3877221324717,71.57142857142857,18.0,0.8341112000634894,137,7,8
bgpclear_second,DataPlane,DenStream,temporal,5,0.08928571428571429,0.875,0.16203703703703703,0.08928571428571429,0.875,0.16203703703703703,10,102,197.73828756058157,80.42857142857143,22.0,0.8341112000634894,112,7,8
portflap_first,CompleteFeatures,DBSCAN,spatial,1,0.17709923664122137,1.0,0.3009079118028534,0.17709923664122137,1.0,0.3009079118028534,116,539,1012.2065727699531,21.75,19.5,0.19826350000221282,655,4,4
portflap_first,CompleteFeatures,DBSCAN,spatial,2,0.25357142857142856,1.0,0.4045584045584045,0.25357142857142856,1.0,0.4045584045584045,71,209,392.48826291079814,23.0,21.0,0.19826350000221282,280,4,4
portflap_first,CompleteFeatures,DBSCAN,spatial,3,0.25,0.75,0.375,0.25,0.75,0.375,21,63,118.30985915492958,38.666666666666664,27.0,0.19826350000221282,84,3,4
portflap_first,CompleteFeatures,DBSCAN,spatial,4,0.19230769230769232,0.25,0.2173913043478261,0.19230769230769232,0.25,0.2173913043478261,5,21,39.43661971830986,73.0,73.0,0.19826350000221282,26,1,4
portflap_first,CompleteFeatures,DBSCAN,spatial,5,0.0,0.0,0.0,0.0,0.0,0.0,0,2,3.755868544600939,,,0.19826350000221282,2,0,4
portflap_first,CompleteFeatures,DBSCAN,temporal,1,0.08888888888888889,1.0,0.163265306122449,0.08888888888888889,1.0,0.163265306122449,8,82,153.9906103286385,19.0,18.5,0.19826350000221282,90,4,4
portflap_first,CompleteFeatures,DBSCAN,temporal,2,0.09333333333333334,1.0,0.17073170731707318,0.09333333333333334,1.0,0.17073170731707318,7,68,127.69953051643193,24.25,24.0,0.19826350000221282,75,4,4
portflap_first,CompleteFeatures,DBSCAN,temporal,3,0.09722222222222222,1.0,0.17721518987341772,0.09722222222222222,1.0,0.17721518987341772,7,65,122.06572769953053,30.0,29.5,0.19826350000221282,72,4,4
portflap_first,CompleteFeatures,DBSCAN,temporal,4,0.10144927536231885,1.0,0.1842105263157895,0.10144927536231885,1.0,0.1842105263157895,7,62,116.43192488262912,35.25,35.0,0.19826350000221282,69,4,4
portflap_first,CompleteFeatures,DBSCAN,temporal,5,0.10144927536231885,1.0,0.1842105263157895,0.10144927536231885,1.0,0.1842105263157895,7,62,116.43192488262912,41.0,40.5,0.19826350000221282,69,4,4
portflap_first,CompleteFeatures,DenStream,spatial,1,0.12530315278900567,1.0,0.22270114942528738,0.12530315278900567,1.0,0.22270114942528738,155,1082,2031.924882629108,9.5,10.5,0.5662855999544263,1237,4,4
portflap_first,CompleteFeatures,DenStream,spatial,2,0.18319327731092436,1.0,0.3096590909090909,0.18319327731092436,1.0,0.3096590909090909,109,486,912.6760563380282,18.75,21.0,0.5662855999544263,595,4,4
portflap_first,CompleteFeatures,DenStream,spatial,3,0.211340206185567,0.75,0.3297587131367292,0.211340206185567,0.75,0.3297587131367292,41,153,287.32394366197184,36.666666666666664,27.0,0.5662855999544263,194,3,4
portflap_first,CompleteFeatures,DenStream,spatial,4,0.2558139534883721,0.5,0.3384615384615385,0.2558139534883721,0.5,0.3384615384615385,11,32,60.093896713615024,66.5,66.5,0.5662855999544263,43,2,4
portflap_first,CompleteFeatures,DenStream,spatial,5,0.3333333333333333,0.25,0.28571428571428575,0.3333333333333333,0.25,0.28571428571428575,1,2,3.755868544600939,292.0,292.0,0.5662855999544263,3,1,4
portflap_first,CompleteFeatures,DenStream,temporal,1,0.0427807486631016,1.0,0.08205128205128205,0.0427807486631016,1.0,0.08205128205128205,16,358,672.3004694835681,61.5,18.5,0.5662855999544263,374,4,4
portflap_first,CompleteFeatures,DenStream,temporal,2,0.04294478527607362,1.0,0.08235294117647059,0.04294478527607362,1.0,0.08235294117647059,14,312,585.9154929577466,67.0,24.0,0.5662855999544263,326,4,4
portflap_first,CompleteFeatures,DenStream,temporal,3,0.06936416184971098,1.0,0.1297297297297297,0.06936416184971098,1.0,0.1297297297297297,12,161,302.3474178403756,13.5,13.0,0.5662855999544263,173,4,4
portflap_first,CompleteFeatures,DenStream,temporal,4,0.072992700729927,1.0,0.1360544217687075,0.072992700729927,1.0,0.1360544217687075,10,127,238.49765258215965,25.75,29.5,0.5662855999544263,137,4,4
portflap_first,CompleteFeatures,DenStream,temporal,5,0.08771929824561403,1.0,0.16129032258064516,0.08771929824561403,1.0,0.16129032258064516,10,104,195.30516431924883,31.25,35.0,0.5662855999544263,114,4,4
portflap_first,CompleteFeatures,MiniBatchKMeans,spatial,1,0.08630759247242051,0.75,0.15480116391852572,0.08630759247242051,0.75,0.15480116391852572,133,1408,2644.131455399061,14.333333333333334,16.0,4.54767840000568,1541,3,4
portflap_first,CompleteFeatures,MiniBatchKMeans,spatial,2,0.1285583103764922,1.0,0.22782750203417415,0.1285583103764922,1.0,0.22782750203417415,140,949,1782.1596244131456,5.25,5.0,4.54767840000568,1089,4,4
portflap_first,CompleteFeatures,MiniBatchKMeans,spatial,3,0.14056939501779359,0.75,0.23676323676323677,0.14056939501779359,0.75,0.23676323676323677,79,483,907.0422535211268,33.0,21.0,4.54767840000568,562,3,4
portflap_first,CompleteFeatures,MiniBatchKMeans,spatial,4,0.125,0.75,0.21428571428571427,0.125,0.75,0.21428571428571427,23,161,302.3474178403756,128.66666666666666,73.0,4.54767840000568,184,3,4
portflap_first,CompleteFeatures,MiniBatchKMeans,spatial,5,0.3333333333333333,0.5,0.4,0.3333333333333333,0.5,0.4,8,16,30.046948356807512,154.0,154.0,4.54767840000568,24,2,4
portflap_first,CompleteFeatures,MiniBatchKMeans,temporal,1,0.0,0.0,0.0,0.0,0.0,0.0,0,11,20.657276995305164,,,4.54767840000568,11,0,4
portflap_first,CompleteFeatures,MiniBatchKMeans,temporal,2,0.0,0.0,0.0,0.0,0.0,0.0,0,11,20.657276995305164,,,4.54767840000568,11,0,4
portflap_first,CompleteFeatures,MiniBatchKMeans,temporal,3,0.0,0.0,0.0,0.0,0.0,0.0,0,11,20.657276995305164,,,4.54767840000568,11,0,4
portflap_first,CompleteFeatures,MiniBatchKMeans,temporal,4,0.0,0.0,0.0,0.0,0.0,0.0,0,11,20.657276995305164,,,4.54767840000568,11,0,4
portflap_first,CompleteFeatures,MiniBatchKMeans,temporal,5,0.0,0.0,0.0,0.0,0.0,0.0,0,11,20.657276995305164,,,4.54767840000568,11,0,4
portflap_first,ControlPlane,DenStream,spatial,1,0.12568306010928962,1.0,0.22330097087378642,0.12568306010928962,1.0,0.22330097087378642,23,160,300.46948356807513,23.0,19.5,0.17542799981310964,183,4,4
portflap_first,ControlPlane,DenStream,spatial,2,0.1111111111111111,0.5,0.1818181818181818,0.1111111111111111,0.5,0.1818181818181818,3,24,45.07042253521127,46.0,46.0,0.17542799981310964,27,2,4
portflap_first,ControlPlane,DenStream,spatial,3,0.0,0.0,0.0,0.0,0.0,0.0,0,1,1.8779342723004695,,,0.17542799981310964,1,0,4
portflap_first,ControlPlane,DenStream,spatial,4,0.0,0.0,0.0,0.0,0.0,0.0,0,0,0.0,,,0.17542799981310964,0,0,4
portflap_first,ControlPlane,DenStream,spatial,5,0.0,0.0,0.0,0.0,0.0,0.0,0,0,0.0,,,0.17542799981310964,0,0,4
portflap_first,ControlPlane,DenStream,temporal,1,0.12745098039215685,1.0,0.22608695652173913,0.12745098039215685,1.0,0.22608695652173913,13,89,167.1361502347418,23.0,19.5,0.17542799981310964,102,4,4
portflap_first,ControlPlane,DenStream,temporal,2,0.11578947368421053,1.0,0.20754716981132076,0.11578947368421053,1.0,0.20754716981132076,11,84,157.74647887323945,28.5,24.5,0.17542799981310964,95,4,4
portflap_first,ControlPlane,DenStream,temporal,3,0.0,0.0,0.0,0.0,0.0,0.0,0,9,16.901408450704228,,,0.17542799981310964,9,0,4
portflap_first,ControlPlane,DenStream,temporal,4,0.0,0.0,0.0,0.0,0.0,0.0,0,5,9.389671361502348,,,0.17542799981310964,5,0,4
portflap_first,ControlPlane,DenStream,temporal,5,0.0,0.0,0.0,0.0,0.0,0.0,0,0,0.0,,,0.17542799981310964,0,0,4
portflap_first,DataPlane,DenStream,spatial,1,0.1257189811010682,1.0,0.22335766423357664,0.1257189811010682,1.0,0.22335766423357664,153,1064,1998.1220657276997,9.5,10.5,0.5513628001208417,1217,4,4
portflap_first,DataPlane,DenStream,spatial,2,0.18661971830985916,1.0,0.314540059347181,0.18661971830985916,1.0,0.314540059347181,106,462,867.6056338028169,23.0,21.0,0.5513628001208417,568,4,4
portflap_first,DataPlane,DenStream,spatial,3,0.21081081081081082,0.75,0.3291139240506329,0.21081081081081082,0.75,0.3291139240506329,39,146,274.17840375586854,40.333333333333336,27.0,0.5513628001208417,185,3,4
portflap_first,DataPlane,DenStream,spatial,4,0.17142857142857143,0.5,0.2553191489361702,0.17142857142857143,0.5,0.2553191489361702,6,29,54.460093896713616,66.5,66.5,0.5513628001208417,35,2,4
portflap_first,DataPlane,DenStream,spatial,5,0.3333333333333333,0.25,0.28571428571428575,0.3333333333333333,0.25,0.28571428571428575,1,2,3.755868544600939,325.0,325.0,0.5513628001208417,3,1,4
portflap_first,DataPlane,DenStream,temporal,1,0.049868766404199474,1.0,0.095,0.049868766404199474,1.0,0.095,19,362,679.81220657277,20.25,18.5,0.5513628001208417,381,4,4
portflap_first,DataPlane,DenStream,temporal,2,0.048484848484848485,1.0,0.09248554913294797,0.048484848484848485,1.0,0.09248554913294797,16,314,589.6713615023474,25.75,24.0,0.5513628001208417,330,4,4
portflap_first,DataPlane,DenStream,temporal,3,0.08235294117647059,1.0,0.15217391304347827,0.08235294117647059,1.0,0.15217391304347827,14,156,292.9577464788733,15.0,16.0,0.5513628001208417,170,4,4
portflap_first,DataPlane,DenStream,temporal,4,0.08695652173913043,1.0,0.16,0.08695652173913043,1.0,0.16,12,126,236.61971830985917,27.0,32.0,0.5513628001208417,138,4,4
portflap_first,DataPlane,DenStream,temporal,5,0.10256410256410256,1.0,0.18604651162790695,0.10256410256410256,1.0,0.18604651162790695,12,105,197.1830985915493,32.75,38.0,0.5513628001208417,117,4,4
